time,requests
1,7649
2,9109
3,10539
4,12769
5,14212
6,16836
7,19181
8,18397
9,18301
10,21735
11,23779
12,25306
13,26674
14,26918
15,30720
16,35302
17,36910
18,38773
19,39324
20,41769
21,46695
22,46237
23,46337
24,46037
25,49365
26,52738
27,53258
28,55280
29,56468
30,60367
31,63770
32,67702
33,67010
34,67704
35,72057
36,73046
37,75084
38,73215
39,74615
40,78458
41,81740
42,82816
43,83387
44,85208
45,87917
46,92175
47,94352
48,96367
49,97325
50,98489
51,102782
52,103109
53,102741
54,104666
55,107626
56,110395
57,110507
58,111733
59,114214
60,118380
61,120868
62,123072
63,123136
64,124594
65,129049
66,132108
67,131860
68,132586
69,132966
70,134785
71,138439
72,140909
73,140451
74,143700
75,144004
76,150409
77,151790
78,152282
79,154124
80,155309
81,159347
82,160703
83,161465
84,160762
85,163154
86,166248
87,168911
88,169243
89,170525
90,175011
91,178329
92,180995
93,180460
94,182288
95,185085
96,186852
97,189154
98,188992
99,189681
100,192113
101,194017
102,196342
103,197206
104,198807
105,202971
106,207075
107,210229
108,209661
109,211257
110,213839
111,214988
112,217396
113,217331
114,220148
115,220647
116,223891
117,225151
118,225045
119,228863
120,232202
121,235884
122,236493
123,239143
124,238429
125,242869
126,246775
127,245125
128,245330
129,246757
130,248898
131,250909
132,253734
133,253630
134,256828
135,259364
136,264991
137,265093
138,266264
139,268701
140,269914
141,273705
142,275463
143,272997
144,275325
145,278009
146,281275
147,281189
148,281924
149,285366
150,288838
151,292452
152,294497
153,294477
154,296736
155,299633
156,301451
157,304410
158,303162
159,302724
160,306826
161,308370
162,311308
163,312407
164,312792
165,317871
166,321082
167,323378
168,325039
169,324854
170,327296
171,329811
172,330765
173,331221
174,332450
175,335022
176,338311
177,339189
178,341143
179,341737
180,347776
181,349752
182,350534
183,351165
184,353936
185,356220
186,359594
187,360296
188,359725
189,360000
190,362089
191,365792
192,368364
193,368651
194,369452
195,374239
196,378060
197,379013
198,380644
199,382097
200,383985
201,387809
202,388866
203,389149
204,390020
205,390699
206,393899
207,396591
208,397391
209,399361
210,405682
211,406708
212,409129
213,409784
214,411072
215,413147
