minute,requests,response_time,vms_count
1,5000,10.0,1
2,7000,57.45416094243662,1
3,9000,169.27048606381868,1
4,11000,400.4645752862998,1
5,13000,40.0615213506667,2
6,15000,78.31027415176553,2
7,17000,133.30905140542637,2
8,19000,212.39308102405766,2
9,21000,57.45416094243662,3
10,23000,86.14746474453528,3
11,25000,122.70170207375776,3
12,27000,169.27048606381868,3
13,29000,228.59744241038885,3
14,31000,90.24759499784224,4
15,33000,117.63401046984791,4
16,35000,150.47400456436947,4
17,37000,189.85357262907718,4
18,39000,237.07496909155844,4
19,41000,114.66620724689548,5
20,43000,139.9886001145798,5
21,45000,169.27048606381868,5
22,47000,203.13098452557549,5
23,49000,112.71740305757055,6
24,51000,133.30905140542637,6
25,53000,156.5508481189914,6
26,55000,182.7838677077765,6
27,57000,212.39308102405766,6
28,59000,128.68431285033728,7
29,61000,147.9254220131225,7
30,63000,169.27048606381868,7
31,65000,192.94956586497324,7
32,67000,219.21787871227798,7
33,69000,141.69673922296172,8
34,71000,159.65894188552465,8
35,73000,179.32845143267517,8
36,75000,200.8675473383127,8
37,77000,136.98994170187248,9
38,79000,152.47921759166576,9
39,81000,169.27048606381868,9
40,83000,187.47318959302015,9
41,85000,207.2059701343775,9
42,87000,146.91520949624214,10
43,89000,161.54650103144746,10
44,91000,177.28016299239997,10
45,93000,194.19925165288348,10
46,95000,212.39308102405766,10
47,97000,155.43224328218022,11
48,99000,169.27048606381868,11
49,101000,184.05340427268266,11
50,103000,199.84548670817298,11
51,105000,216.7156245338552,11
52,107000,162.81442917757468,12
53,109000,175.9249334364284,12
54,111000,189.85357262907718,12
55,113000,204.65140083831486,12
56,115000,157.50217981054334,13
57,117000,169.27048606381868,13
58,119000,181.71508776124097,13
59,121000,194.8748499287479,13
60,123000,208.79087106916052,13
61,125000,163.7248027671827,14
62,127000,174.96192268417923,14
63,129000,186.79747950809517,14
64,131000,199.26334321399625,14
65,133000,212.39308102405766,14
66,135000,169.27048606381868,15
67,137000,180.01535767394418,15
68,139000,191.2933725891431,15
69,141000,203.13098452557549,15
70,143000,164.4101708035689,16
71,145000,174.24239224567017,16
72,147000,184.53128453281312,16
73,149000,195.29805836106874,16
74,151000,206.56490958602222,16
75,153000,169.27048606381868,17
76,155000,178.7240818199428,17
77,157000,188.59037860729532,17
78,159000,198.8873930774837,17
79,161000,209.63392840725282,17
80,163000,173.68436840345646,18
81,165000,182.7838677077765,18
82,167000,192.2580926379838,18
83,169000,202.1224747348699,18
84,171000,169.27048606381868,19
85,173000,177.70983738899747,19
86,175000,186.47808550226648,19
87,177000,195.58804810643798,19
88,179000,205.05304243339057,19
89,181000,173.23896159417907,20
90,183000,181.3954230251359,20
91,185000,189.85357262907718,20
92,187000,198.62456913635305,20
93,189000,207.71998401229678,20
94,191000,176.89211707862907,21
95,193000,184.78199661554535,21
96,195000,192.94956586497324,21
97,197000,201.4045983064788,21
98,199000,172.87520572711742,22
99,201000,180.26565767452996,22
100,203000,187.9042021513798,22
101,205000,195.7991674579651,22
102,207000,203.9591614700568,22
103,209000,176.21885110204312,23
104,211000,183.39016576811355,23
105,213000,190.79158376456067,23
106,215000,198.43048833213084,23
107,217000,206.31449961489548,23
108,219000,179.32845143267517,24
109,221000,186.29197362859216,24
110,223000,193.46948039428725,24
111,225000,200.8675473383127,24
112,227000,175.65487057424008,25
113,229000,182.22748106573593,25
114,231000,188.99386686258205,25
115,233000,195.95974089558632,25
116,235000,203.13098452557549,25
117,237000,178.5384464202696,26
118,239000,184.93641573041162,26
119,241000,191.51565486930994,26
120,243000,198.28129964634755,26
121,245000,205.2386313807162,26
122,247000,181.24166956397244,27
123,249000,187.47318959302015,27
124,251000,193.874636167862,27
125,253000,200.45064299437306,27
126,255000,177.8634916926257,28
127,257000,183.7807722828257,28
128,259000,189.85357262907718,28
129,261000,196.08598014859075,28
130,263000,202.4821896853107,28
131,265000,180.3952313286906,29
132,267000,186.1701186139791,29
133,269000,192.09148371901497,29
134,271000,198.16304199798887,29
135,273000,204.38860304363803,29
136,275000,182.7838677077765,30
137,277000,188.42246193206677,30
138,279000,194.19925165288348,30
139,281000,200.11762388381575,30
140,283000,179.6605658155581,31
141,285000,185.04108060392394,31
142,287000,190.54916175038306,31
143,289000,196.18783371938852,31
144,291000,201.96019268227158,31
145,293000,181.9151051023047,32
146,295000,187.1773267505929,32
147,297000,192.56036693265168,32
148,299000,198.06699959436872,32
149,301000,203.70006237033564,32
150,303000,184.05340427268266,33
151,305000,189.20199374472472,33
152,307000,194.4651711270126,33
153,309000,199.84548670817298,33
154,311000,205.34554753650346,33
155,313000,186.08414158676013,34
156,315000,191.12353164347294,34
157,317000,196.27174513759473,34
158,319000,201.53113206394525,34
159,321000,183.18211236147982,35
160,323000,188.01516180209904,35
161,325000,192.94956586497324,35
162,327000,197.98745007345545,35
163,329000,203.13098452557549,35
164,331000,185.11670123885384,36
165,333000,189.85357262907718,36
166,335000,194.6869943675177,36
167,337000,199.6189344133986,36
168,339000,204.65140083831486,36
169,341000,186.96166219688558,37
170,343000,191.60582829597976,37
171,345000,196.34207156417872,37
172,347000,201.17221756174172,37
173,349000,184.2544968221907,38
174,351000,188.72302889938493,38
175,353000,193.27780215298523,38
176,355000,197.92048100888772,38
177,357000,202.6527620158527,38
178,359000,186.02023047847874,39
179,361000,190.40631065470885,39
180,363000,194.8748499287479,39
181,365000,199.42739854649574,39
182,367000,204.06553589875523,39
183,369000,187.71014865728273,40
184,371000,192.0165475173714,40
185,373000,196.40186499294794,40
186,375000,200.8675473383127,40
187,377000,185.17389415744597,41
188,379000,189.3289903460421,41
189,381000,193.5583586775459,41
190,383000,197.86332676291082,41
191,385000,202.24524594407117,41
192,387000,186.79747950809517,42
193,389000,190.88111144217413,42
194,391000,195.03598505792985,42
195,393000,199.26334321399625,42
196,395000,203.56445045150517,42
197,397000,188.35610924671428,43
198,399000,192.37052226461626,43
